ProductID,Name,Price,Category,Rating,Reviews,Brand,Stock,LaunchDate,Discount
1,Nike Air Zoom,120,Sports,4.3,250,Nike,True,2023-03-15,15
2,Sony WH-1000XM4,350,Electronics,4.6,980,Sony,True,2021-10-10,10
3,Samsung Galaxy S21,799,Electronics,4.7,1250,Samsung,True,2022-05-01,5
4,Sony Bravia TV,900,Electronics,4.8,450,Sony,True,2023-01-01,12
5,Nike Water Bottle,25,Home & Kitchen,4.0,300,Nike,True,2022-07-01,10
6,Home Blender,60,Home & Kitchen,4.6,180,Philips,False,2022-02-15,15
7,Camping Tent,150,Sports,4.2,210,Decathlon,True,2023-06-10,20
